{"status":"Complete","paths":{"/storage/emulated/0/games/com.mojang/.nomedia":0,"/storage/emulated/0/games/com.mojang/minecraftpe/clientId.txt":3221678698,"/storage/emulated/0/games/com.mojang/minecraftpe/options.txt":771706072,"/storage/emulated/0/games/com.mojang/minecraftpe/valid_known_packs.json":2088542109,"/storage/emulated/0/games/com.mojang/test":0,"/storage/emulated/0/games/com.mojang/ud1145350716.dat":4104070350,"/storage/emulated/0/games/com.mojang/ud1651280350.dat":2583477005,"/storage/emulated/0/games/com.mojang/ud1748854032.dat":4104070350,"/storage/emulated/0/games/com.mojang/ud1792949186.dat":2191267227,"/storage/emulated/0/games/com.mojang/ud2243807809.dat":1183489890,"/storage/emulated/0/games/com.mojang/ud2712740596.dat":4104070350,"/storage/emulated/0/games/com.mojang/ud3009809913.dat":1950357992,"/storage/emulated/0/games/com.mojang/ud3161497578.dat":4104070350,"/storage/emulated/0/games/com.mojang/ud3252492100.dat":2583477005,"/storage/emulated/0/games/com.mojang/ud3569439709.dat":1183489890,"/storage/emulated/0/games/com.mojang/xal/14748840670442735584":1909663817,"/storage/emulated/0/games/com.mojang/xal/8795356459289257587":3881406010,"/storage/emulated/0/games/com.mojang/xal/ClockSkew":2338497966,"/storage/emulated/0/games/com.mojang/xal/Xal.Production.RETAIL.D":2789376884,"/storage/emulated/0/games/com.mojang/xal/Xal.Production.RETAIL.DeviceIdentity":3052824305}}